Nome,E-Mail,Telefone,Data de Nascimento,Endereço,Texto
Rafael Moraes,alveselisa@example.com,+55 60 91432-4022,2002-01-16,"Rua Jesus, 86 Serrano 93343-839 Cunha / SE",Officia explicabo adipisci libero incidunt quam.
Ana Laura Pinto,mouragabriel@example.com,+55 69 96343-9406,1983-09-27,"Via de Monteiro, 7 Vila Mangueiras 90124200 da Mata do Galho / PB",Aspernatur temporibus reprehenderit repudiandae sequi.
Lucas Gabriel Moraes,marinamonteiro@example.com,+55 57 97220 5668,2001-04-05,"Área Ramos, 5 João Alfredo 99132929 Caldeira / SC",Atque tempore aliquid perspiciatis voluptate nulla blanditiis.
Stephany Castro,wporto@example.com,+55 (91) 9 9430 5629,1990-12-18,"Trevo Porto, 87 Vila Olhos D'água 51036351 Lima / PA",Corporis consectetur fuga natus in.
Dr. Bernardo Fernandes,esantos@example.com,+55 (56) 95075 6796,1974-12-07,Pátio de Pereira Concórdia 98621-854 Azevedo Alegre / SC,Tenetur laborum ipsa odio nobis harum.
Rafaela Duarte,fernando61@example.org,+55 25 96777 6461,2008-01-03,"Distrito de Jesus, 74 Dom Bosco 37410132 Gonçalves dos Dourados / PR",Culpa hic eveniet nesciunt enim.
Lucas Gabriel Monteiro,ana-vitoria15@example.net,+55 10 92463 8771,2001-12-04,"Quadra Nunes, 94 Vila Suzana Primeira Seção 97679960 Cavalcanti de Martins / DF",Nobis suscipit pariatur necessitatibus a earum.
Sr. Luiz Otávio Pereira,ian98@example.com,+55 (40) 9 1877 5581,2018-04-30,"Praça Fernando Rezende, 88 Dom Joaquim 03141-681 Oliveira de Ferreira / RJ",Commodi fugit voluptate excepturi.
Sr. Kaique Vieira,ana-vitoriaaraujo@example.com,+55 40 9 1178-4308,1978-10-13,"Sítio Gustavo Henrique Martins, 68 Frei Leopoldo 33280-459 Rezende do Oeste / RS",Hic dolores suscipit officiis cumque ullam incidunt ad.
Danilo Monteiro,silveiranicolas@example.net,+55 (23) 93588 2288,2016-02-21,"Colônia Isadora da Paz, 43 Vila Ipiranga 13050-766 Moreira Paulista / AC",Quaerat porro esse amet placeat voluptas.
